{"fwd": 0.0, "bwd": 418330.62744140625, "step": 1605494.140625, "latency": 2023824.7680664062, "FLOPS_per_gpu": 714042897287.3323, "throughput": 0.4941139251672543, "rank": 0}